team,P_used,RA_G,W,L,ERA,G,SV,IP_raw,FIP,ERAplus,IP
ARI,32,4.47,73,66,4.17,139,33,1233.0,4.38,100,1233.0
ATH,34,5.76,53,85,5.45,138,34,1221.0,4.92,82,1221.0
ATL,34,3.81,82,56,3.58,138,43,1226.0,4.04,118,1226.0
BAL,30,4.67,69,69,4.17,138,39,1228.2,4.05,100,1228.6666666666667
BOS,30,3.86,75,63,3.6,138,37,1227.1,3.7,114,1227.3333333333333
CHC,39,4.36,78,60,4.14,138,29,1233.2,4.69,102,1233.6666666666667
CHW,33,4.48,72,65,4.16,137,37,1222.0,4.28,103,1222.0
CIN,31,4.95,65,73,4.67,138,36,1224.0,4.7,90,1224.0
CLE,23,4.08,69,68,3.73,137,40,1215.2,3.89,111,1215.6666666666667
COL,34,5.71,52,86,5.47,138,30,1211.2,4.81,90,1211.6666666666667
DET,29,3.96,63,74,3.63,137,27,1211.1,3.97,118,1211.3333333333333
HOU,33,4.86,70,68,4.61,138,43,1224.1,4.61,91,1224.3333333333333
KCR,34,4.88,62,76,4.68,138,34,1212.1,4.61,89,1212.3333333333333
LAA,34,4.62,53,85,4.25,138,21,1219.0,4.16,97,1219.0
LAD,30,3.77,82,55,3.62,137,38,1211.2,3.84,113,1211.6666666666667
MIA,27,4.24,69,69,3.92,138,30,1211.2,4.01,100,1211.6666666666667
MIL,32,3.79,85,53,3.47,138,44,1233.2,3.68,119,1233.6666666666667
MIN,34,4.95,66,72,4.63,138,38,1215.2,4.26,92,1215.6666666666667
NYM,37,4.47,62,76,4.07,138,26,1229.2,4.04,101,1229.6666666666667
NYY,25,3.73,78,60,3.26,138,40,1232.2,3.66,130,1232.6666666666667
PHI,29,4.3,78,60,4.03,138,38,1225.2,3.76,113,1225.6666666666667
PIT,31,4.66,67,71,4.19,138,28,1231.1,3.87,105,1231.3333333333333
SDP,24,4.15,73,65,3.91,138,40,1222.1,4.17,103,1222.3333333333333
SEA,28,4.43,64,74,4.18,138,30,1217.1,3.96,94,1217.3333333333333
SFG,34,4.62,57,81,4.34,138,25,1216.1,4.14,92,1216.3333333333333
STL,28,4.53,68,70,4.23,138,40,1230.0,4.06,92,1230.0
TBR,30,4.12,82,55,3.76,137,54,1224.0,4.02,113,1224.0
TEX,33,4.39,68,70,4.26,138,38,1207.1,4.07,90,1207.3333333333333
TOR,38,4.33,68,70,3.94,138,46,1228.1,3.93,113,1228.3333333333333
WSN,38,5.05,66,74,4.66,140,34,1244.0,4.73,92,1244.0
