name,team,role_raw,salary
Zack Wheeler,PHI,SP/SP1,42000000.0
Jacob deGrom,TEX,SP,38000000.0
Blake Snell,LAD,SP/SP3,36400000.0
Gerrit Cole,NYY,SP,36000000.0
Corbin Burnes,ARI,SP/SP1,35000000.0
Tyler Glasnow,LAD,SP,32500000.0
Tarik Skubal,LAD,SP,32000000.0
Sonny Gray,BOS,SP,31000000.0
Nathan Eovaldi,TEX,SP/SP1,29000000.0
Shohei Ohtani,LAD,SP/DH,28216944.0
Carlos Rodon,NYY,SP,27833333.0
Robbie Ray,SD,SP,26000000.0
Dylan Cease,TOR,SP/SP3,25335714.0
Luis Severino,ATH,SP/SP3,25000000.0
Garrett Crochet,BOS,SP,24800000.0
Aaron Nola,PHI,SP/SP2,24571428.0
Luis Castillo,CHW,SP,23750000.0
Kevin Gausman,CHC,SP,23000000.0
Logan Webb,SF,SP,23000000.0
Framber Valdez,DET,SP/SP3,22826679.0
Zac Gallen,ARI,SP/SP1,22025000.0
Shota Imanaga,CHC,SP,22025000.0
Brandon Woodruff,MIL,SP,22025000.0
Pablo López,MIN,SP,21750000.0
Seth Lugo,KC,SP,21500000.0
Cristian Javier,HOU,SP,21400000.0
Yusei Kikuchi,LAA,SP,21225000.0
Eduardo Rodriguez,ARI,SP/SP1,21000000.0
Nick Pivetta,SD,SP,20500000.0
Yoshinobu Yamamoto,LAD,SP,20333333.0
Jack Flaherty,DET,SP,20000000.0
Joe Musgrove,SD,SP,20000000.0
Spencer Strider,ATL,SP,20000000.0
Sean Manaea,NYM,SP,19680726.0
José Berríos,TOR,SP,19000000.0
Josh Hader,HOU,RP/CL,19000000.0
Chris Bassitt,BAL,SP/SP1,18500000.0
Merrill Kelly,ARI,SP/SP2/SP3/SP3,18000000.0
Chris Sale,ATL,SP/SP2,18000000.0
Jameson Taillon,TOR,SP,18000000.0
Michael Wacha,KC,SP/SP5,18000000.0
Sandy Alcantara,MIA,SP,17300000.0
Matthew Boyd,CHC,SP/SP1,17300000.0
Edwin Diaz,LAD,RP/CL,17000000.0
Devin Williams,NYM,RP/CL,17000000.0
Mitch Keller,PIT,SP,16911500.0
Tatsuya Imai,HOU,RP,16666667.0
Shane Bieber,TOR,SP/SP1,16000000.0
Yu Darvish,SD,SP,16000000.0
Kyle Freeland,COL,SP,16000000.0
Raisel Iglesias,ATL,RP/CL,16000000.0
Kodai Senga,NYM,RP,15000000.0
Max Fried,NYY,SP/SP2,14500000.0
Ryan Helsley,BAL,RP,14000000.0
Reynaldo López,ATL,RP,14000000.0
Blake Treinen,LAD,RP,13500000.0
Pete Fairbanks,MIA,RP/CL,13300000.0
Aroldis Chapman,BOS,RP,13000000.0
Clay Holmes,CHC,SP,13000000.0
Robert Suarez,ATL,RP/RP,13000000.0
Justin Verlander,DET,SP/SP1,13000000.0
Patrick Sandoval,BOS,SP/SP3,12750000.0
Brady Singer,CIN,SP/SP3,12750000.0
Jeff Hoffman,MIN,RP,12666666.0
Tanner Scott,LAD,RP/SU7,12588508.0
Jordan Hicks,CHW,RP,12500000.0
Dustin May,MIL,SP,12000000.0
Antonio Senzatela,MIL,RP,12000000.0
Tyler Mahle,ATL,SP/SP2,11500000.0
Jesús Luzardo,PHI,SP,11000000.0
A.J. Minter,MIN,RP/SU8,11000000.0
Robert Stephenson,LAA,RP/SU7,11000000.0
Logan Gilbert,SEA,SP/SP4,10927000.0
Jeffrey Springs,ATH,SP,10500000.0
Carlos Estevez,KC,RP,10100000.0
Emilio Pagan,CIN,RP/SU8,10000000.0
Andrew Kittredge,BAL,RP,9200000.0
Jose Alvarado,PHI,RP,9000000.0
David Bednar,NYY,RP,9000000.0
Kenley Jansen,DET,RP/CL,9000000.0
Joe Jimenez,ATL,RP,9000000.0
Brad Keller,PHI,RP,9000000.0
Michael King,SD,SP,9000000.0
Nick Martinez,TB,SP/RP,9000000.0
Kyle Finnegan,DET,RP/CL,8750000.0
Tyler Rogers,TOR,RP/SU7,8666666.0
Andres Munoz,SEA,RP,8500000.0
Hunter Greene,CIN,SP,8333333.0
David Peterson,CHC,SP,8100000.0
Zach Eflin,BAL,SP,8000000.0
Freddy Peralta,TB,SP,8000000.0
Luke Weaver,PIT,RP,8000000.0
Gregory Soto,PIT,RP,7750000.0
Ranger Suarez,BOS,SP,7600000.0
Jhoan Duran,PHI,RP/CL,7500000.0
Yimi Garcia,TOR,RP/SU7,7500000.0
Steven Matz,TB,RP,7500000.0
Matt Strahm,KC,RP,7500000.0
Garrett Whitlock,BOS,RP,7500000.0
Drew Anderson,DET,SP,7000000.0
Seranthony Dominguez,SEA,RP/CL,7000000.0
Adrian Houser,SF,RP,7000000.0
Yariel Rodriguez,TOR,RP,7000000.0
Michael Soroka,ARI,SP,7000000.0
Justin Steele,CHC,SP/SP1,6775000.0
Jason Adam,SD,RP/SU8,6675000.0
George Kirby,SEA,SP,6550000.0
Evan Phillips,LAD,RP/CL,6500000.0
Emmanuel Clase,CLE,RP,6400000.0
Trevor Rogers,BAL,SP/SP2,6200000.0
Brayan Bello,BOS,RP,6166666.0
Kris Bubic,LAD,SP,6150000.0
Casey Mize,SD,SP,6150000.0
Camilo Doval,PIT,RP/CL,6100000.0
Joe Ryan,MIN,SP/SP2,6100000.0
Aaron Civale,CHC,RP,6000000.0
Cody Ponce,TOR,SP,6000000.0
Jose Quintana,COL,SP/SP1,6000000.0
Bryan Abreu,HOU,RP/SU7,5850000.0
Dean Kremer,MIN,SP/SP3,5750000.0
Yuki Matsui,SD,RP,5750000.0
Drew Rasmussen,TB,SP/SP2,5750000.0
Hunter Brown,HOU,SP,5710000.0
Aaron Ashby,MIL,RP,5700000.0
MacKenzie Gore,TEX,SP,5600000.0
Pierce Johnson,CIN,RP,5600000.0
Foster Griffin,CLE,SP,5500000.0
Phil Maton,CHC,RP,5500000.0
Colin Rea,CHC,SP,5500000.0
Anthony Kay,CHW,SP,5250000.0
Brooks Raley,PHI,RP/SU7,5250000.0
Bailey Ober,MIN,SP/SP1,5200000.0
Tomoyuki Sugano,COL,SP,5100000.0
Hunter Harvey,CHC,RP/SU8,5000000.0
Kirby Yates,PIT,RP,5000000.0
Sean Newcomb,CHW,RP,4800000.0
Nick Lodolo,CIN,SP,4725000.0
Trevor Megill,MIL,RP,4700000.0
Cole Ragans,KC,SP,4583333.0
Clarke Schmidt,NYY,SP,4500000.0
Edward Cabrera,CHC,SP,4450000.0
Wandy Peralta,SD,RP/SU7,4450000.0
Tanner Bibee,CLE,SP,4400000.0
Eric Lauer,LAD,SP,4400000.0
JoJo Romero,MIL,RP,4260000.0
Tanner Houck,BOS,SP,4150000.0
Caleb Thielbar,CHC,RP,4125000.0
Shawn Armstrong,CLE,RP,4000000.0
Mason Miller,SD,RP/CL,4000000.0
Andre Pallante,STL,SP,4000000.0
Ryan Thompson,ARI,RP,3950000.0
Will Vest,DET,RP,3950000.0
Adrian Morejon,SD,RP,3900000.0
John Schreiber,NYY,RP/SU8,3715000.0
Bailey Falter,ATL,RP,3600000.0
Shane McClanahan,TB,SP/SP1,3600000.0
Griffin Jax,TB,SP,3565000.0
Kyle Bradish,BAL,SP,3550000.0
Alex Vesia,LAD,RP,3550000.0
Martín Pérez,ATL,SP,3500000.0
Cristopher Sanchez,PHI,SP,3500000.0
Ryne Stanek,STL,RP,3500000.0
Trevor Stephan,CLE,RP,3500000.0
Brandon Pfaadt,ARI,SP,3400000.0
A.J. Puk,ARI,RP/CL,3100000.0
Ryan Pepiot,TB,SP,3025000.0
Tim Hill,NYY,RP,3000000.0
Ryne Nelson,ARI,SP,3000000.0
Max Scherzer,TOR,SP/SP2,3000000.0
Keegan Akin,BAL,RP,2975000.0
Jose Soriano,TOR,SP,2900000.0
Mark Leiter Jr.,ATH,RP,2850000.0
Anthony Bender,MIA,RP,2810000.0
Brusdar Graterol,LAD,RP,2800000.0
Jake Irvin,WSH,SP,2800000.0
Kutter Crawford,BOS,SP/SP3,2750000.0
Jake Junis,TEX,RP,2750000.0
JP Sears,SD,SP,2750000.0
Kevin Ginkel,ARI,RP/SU8,2725000.0
Reid Detmers,LAA,SP,2625000.0
Dietrich Enns,BAL,RP,2500000.0
Tylor Megill,NYM,SP,2500000.0
Ryan Yarbrough,NYY,RP,2500000.0
Ryan Feltner,COL,SP,2450000.0
Tyler Wells,TB,RP,2450000.0
Bryce Miller,SEA,SP,2437500.0
Garrett Cleavinger,TB,RP,2400000.0
Justin Martinez,ARI,RP,2400000.0
Brock Burke,CIN,RP,2325000.0
Steven Okert,HOU,RP,2325000.0
Matthew Liberatore,STL,SP,2260000.0
Félix Bautista,BAL,RP/CL,2250000.0
Joel Payamps,ATL,RP,2250000.0
Dylan Lee,ATL,RP,2200000.0
Luis Gil,NYY,SP,2162500.0
Gabe Speier,SEA,RP,2125000.0
Ryan Weiss,HOU,RP,2100000.0
Paul Blackburn,NYY,RP,2000000.0
Jason Foley,SF,RP/SU8,2000000.0
Shinnosuke Ogasawara,WSH,RP,2000000.0
Taylor Rogers,MIN,RP,2000000.0
Jalen Beeks,TEX,RP,1975000.0
Nick Mears,KC,RP,1900000.0
Jacob Webb,CHC,RP,1875000.0
JT Brubaker,SF,RP,1820000.0
Javier Assad,CHC,RP,1800000.0
Shane Baz,BAL,SP,1800000.0
Calvin Faucher,MIA,RP,1800000.0
Tony Santillan,CIN,RP,1800000.0
Graham Ashcraft,CIN,RP,1750000.0
Tim Mayza,PHI,RP,1750000.0
Enyel De Los Santos,HOU,RP,1700000.0
Anthony Banda,MIN,RP,1625000.0
Yennier Cano,BAL,RP/SU8,1600000.0
Tyler Holton,DET,RP,1575000.0
Matt Brash,SEA,RP,1550000.0
Taylor Clarke,ARI,RP,1550000.0
Jimmy Herget,COL,RP,1550000.0
Johan Oviedo,BOS,RP,1550000.0
Braxton Garrett,CHC,SP,1530000.0
Edwin Uceta,TB,RP,1525000.0
Steven Wilson,TB,RP,1520000.0
Walker Buehler,SD,SP,1500000.0
Erick Fedde,CHW,SP,1500000.0
Lucas Giolito,SD,SP,1500000.0
Colin Holderman,CLE,RP/SU8,1500000.0
Peter Lambert,HOU,SP,1500000.0
Jonathan Loaisiga,ARI,RP,1500000.0
Paul Sewald,TOR,RP,1500000.0
Burch Smith,DET,RP,1500000.0
José Urquidy,CHW,SP,1500000.0
Fernando Cruz,NYY,RP,1450000.0
Sam Hentges,SF,RP,1400000.0
Josiah Gray,WSH,SP/SP3,1350000.0
Nate Pearson,KC,RP,1350000.0
Ryan Weathers,NYY,SP,1350000.0
Enmanuel De Jesus,DET,RP,1300000.0
Reed Garrett,NYM,RP,1300000.0
Gregory Santos,SF,RP,1300000.0
Brock Stewart,LAD,RP,1300000.0
Keegan Thompson,COL,RP,1300000.0
Bryan Baker,TB,RP,1275000.0
Jordan Montgomery,TEX,SP,1250000.0
Cal Quantrill,TEX,SP,1250000.0
Brent Suter,ATL,RP,1250000.0
Tyler Alexander,TEX,RP,1225000.0
Justin Lawrence,WSH,RP,1225000.0
Tanner Banks,PHI,RP,1200000.0
Beau Brieske,DET,RP,1157500.0
Cole Sands,MIN,RP,1100000.0
Angel Zerpa,MIL,RP,1095000.0
Paul Skenes,PIT,SP,1085000.0
Huascar Brazoban,CHW,RP,1050000.0
Ian Hamilton,ATL,RP,1050000.0
Cole Sulser,TB,RP,1050000.0
Daniel Lynch,KC,RP,1025000.0
Griffin Canning,SD,RP,1000000.0
Patrick Corbin,TOR,SP,1000000.0
Alexis Diaz,TEX,RP,1000000.0
Matt Festa,CLE,RP,1000000.0
Kyle Hart,SD,RP,1000000.0
Max Kranick,WSH,RP,1000000.0
Alex Lange,KC,RP/CL,1000000.0
Richard Lovelady,WSH,RP,1000000.0
Joe Mantiply,TOR,RP,1000000.0
Shelby Miller,CHC,RP,1000000.0
Eli Morgan,KC,RP,1000000.0
Trevor Richards,CHW,RP,1000000.0
Tayler Saucedo,LAA,RP,1000000.0
Trent Thornton,CHC,RP,1000000.0
Max Meyer,MIA,SP,980000.0
Jake Bird,WSH,RP/SU7,975000.0
Sam Moll,CIN,RP,975000.0
Hayden Wesneski,HOU,SP,975000.0
Jake Cousins,LAD,RP,950000.0
Brennan Bernardino,COL,RP,925000.0
Kevin Kelly,TB,RP,925000.0
Danny Young,ATL,RP,925000.0
Eduard Bazardo,SEA,RP,923000.0
Bennett Sousa,HOU,RP,910000.0
Rob Zastryzny,MIL,RP,902500.0
Connor Brogdon,CLE,RP,900000.0
Rico Garcia,BAL,RP,900000.0
Tyler Gilbert,CHW,RP,900000.0
Roddery Munoz,HOU,RP,900000.0
José Suarez,ATH,RP,900000.0
Joey Wentz,ATL,SP,900000.0
Cade Cavalli,WSH,SP,862500.0
Ty Adcock,SD,RP,850000.0
Tejay Antone,CIN,RP,850000.0
Ben Bowden,ATH,RP,850000.0
Justin Bruihl,STL,RP,850000.0
Nestor Cortes,PHI,SP,850000.0
José Cuas,KC,RP,850000.0
Matt Gage,SF,RP,850000.0
Michael Grove,TB,RP,850000.0
Justin Hagenman,NYM,SP,850000.0
Geoff Hartlieb,ATH,RP,850000.0
Elieser Hernandez,ATL,RP,850000.0
Jonathan Hernandez,LAD,RP/SU7,850000.0
Codi Heuer,BAL,RP,850000.0
Cole Irvin,LAD,RP,850000.0
Caleb Kilian,PHI,RP,850000.0
Seth Martinez,BOS,RP,850000.0
Hoby Milner,SEA,RP,850000.0
Drew Pomeranz,CHC,RP,850000.0
Jordan Romano,COL,RP/CL,850000.0
Ricky Vanasco,ATL,RP,850000.0
Jacob Waguespack,DET,RP,850000.0
Brandon Walter,HOU,SP,850000.0
James Karinchak,ATL,RP,840000.0
Luis Medina,ATH,RP,835000.0
Bryan Woo,SEA,SP,831600.0
Will Warren,NYY,SP,826625.0
Shane Smith,CHW,SP,825900.0
Yohan Ramirez,PIT,RP,825000.0
Ken Waldichuk,WSH,RP,825000.0
Cade Smith,CLE,RP,824600.0
Gavin Williams,CLE,SP,822200.0
Louie Varland,TOR,RP,821500.0
Julian Aguiar,CIN,SP,820000.0
Logan Allen,CLE,SP,820000.0
Spencer Arrighetti,TOR,SP,820000.0
Tristan Beck,SF,RP,820000.0
Hunter Bigge,TB,RP,820000.0
Ty Blach,CHC,RP,820000.0
Angel Chivilli,NYY,RP,820000.0
Brandon Eisert,PIT,RP,820000.0
Robert Gasser,MIL,SP,820000.0
Anthony Gose,KC,RP,820000.0
Tayron Guerrero,BOS,RP,820000.0
Kyle Hurt,LAD,RP,820000.0
Alek Jacob,SD,RP,820000.0
Drey Jameson,ARI,RP,820000.0
Zack Kelly,BOS,RP,820000.0
Zebby Matthews,MIN,SP,820000.0
Keider Montero,DET,SP,820000.0
Orlando Ribalta,WSH,RP,820000.0
Ethan Roberts,CHC,RP,820000.0
Jesse Scholtens,TB,SP,820000.0
Jared Shuster,STL,RP,820000.0
Austin Warren,NYM,RP,820000.0
Reese Olson,DET,SP,818100.0
Cade Horton,CHC,SP,817500.0
Brendon Little,TOR,RP,811900.0
Jack Dreyer,LAD,RP,810000.0
Bryce Elder,ATL,SP,810000.0
Ben Joyce,LAA,RP,810000.0
James McArthur,KC,SP,810000.0
Erik Miller,BOS,RP,810000.0
Grayson Rodriguez,LAA,SP/SP2,810000.0
Emmet Sheehan,LAD,RP,810000.0
Gavin Stone,LAD,SP,810000.0
Ryan Walker,SF,RP,810000.0
Bowden Francis,TOR,SP,809800.0
Tommy Nance,MIN,RP,809700.0
Jeremiah Estrada,SD,RP,809500.0
Hunter Gaddis,CLE,RP,809500.0
Ronny Henriquez,MIA,RP,809000.0
Randy Vasquez,SD,SP,808800.0
Daniel Palencia,CHC,RP,808000.0
Greg Weissert,BOS,RP,807500.0
Bryan Hoeing,SD,RP,807000.0
Carmen Mlodzinski,PIT,SP,806800.0
Tobias Myers,NYM,RP,806300.0
Orion Kerkering,PHI,RP,805500.0
Lucas Erceg,KC,RP,803500.0
Quinn Priester,MIL,SP,803200.0
Ronel Blanco,HOU,SP,802700.0
Taj Bradley,MIN,SP,802050.0
Noah Cameron,KC,SP,802000.0
Jared Jones,PIT,SP,801600.0
Cam Schlittler,NYY,SP,801425.0
Tim Herrin,CLE,RP,801200.0
Robert Garcia,TEX,RP,800500.0
Michael Burrows,HOU,SP,800100.0
Andrew Abbott,CIN,SP,800000.0
Shaun Anderson,LAA,RP,800000.0
Sam Bachman,LAA,RP,800000.0
Hayden Birdsong,SF,SP,800000.0
Ben Brown,CHC,RP,800000.0
Jose Butto,SF,RP,800000.0
Ben Casparius,LAD,RP,800000.0
Cooper Criswell,SEA,RP,800000.0
Grant Holmes,ATL,SP,800000.0
Joe Jacques,NYM,RP,800000.0
Jack Kochanowicz,LAA,SP,800000.0
Jackson Kowar,BAL,RP,800000.0
Corbin Martin,CHC,RP,800000.0
Bobby Miller,LAD,RP,800000.0
Andrew Nardi,MIA,RP,800000.0
Randy Rodriguez,SF,RP,800000.0
Landen Roupp,SF,SP,800000.0
Reiver Sanmartin,SF,RP,800000.0
Roki Sasaki,LAD,SP,800000.0
Spencer Schwellenbach,ATL,SP,800000.0
Connor Seabold,KC,RP,800000.0
Chase Silseth,TEX,RP,800000.0
AJ Smith-Shawver,ATL,SP,800000.0
Brandon Williamson,CIN,SP,800000.0
Keaton Winn,SF,RP,800000.0
Grant Wolfram,BAL,RP,800000.0
Bryan King,HOU,RP,799900.0
Eury Pérez,MIA,SP,799500.0
Davis Martin,CHW,SP,798900.0
Abner Uribe,MIL,RP,798300.0
Hurston Waldrep,ATL,SP,798300.0
Janson Junk,MIA,SP,798000.0
Jordan Leasure,CHW,RP,797550.0
Alec Marsh,KC,SP,797500.0
Chris Murphy,CHW,RP,797250.0
Mason Fluharty,TOR,RP,797000.0
Matt Waldron,WSH,RP,796800.0
Joey Cantillo,CLE,SP,796600.0
José Ferrer,SEA,RP,796600.0
Braydon Fisher,TOR,RP,796600.0
Chad Patrick,MIL,RP,796400.0
Brant Hurter,DET,RP,796200.0
Slade Cecconi,CLE,RP,795600.0
Jared Koenig,MIL,RP,795600.0
Kyle Leahy,STL,SP,795600.0
Braxton Ashcraft,PIT,SP,795100.0
Riley O'Brien,STL,RP,795050.0
Mike Vasil,CHW,RP,795050.0
Kody Funderburk,MIN,RP,794700.0
Isaac Mattson,PIT,RP,794200.0
Jack Leiter,TEX,SP,794000.0
Tyler Phillips,MIA,RP,794000.0
Manuel Rodriguez,TB,RP/SU7,793600.0
Jacob Latz,TEX,RP,793500.0
George Soriano,STL,RP,793350.0
Emerson Hancock,SEA,SP,793300.0
Stephen Kolek,KC,SP,793250.0
Sean Burke,CHW,SP,793200.0
Ryan Fernandez,STL,RP,793100.0
Cody Bradford,TEX,SP,793000.0
Mason Montgomery,PIT,RP,793000.0
Grant Anderson,MIL,RP,792900.0
Brent Headrick,NYY,RP,792675.0
Michael Petersen,MIA,RP,792500.0
Dedniel Nunez,NYM,RP,792000.0
Erik Sabrowski,CLE,RP,791600.0
Lake Bachar,PIT,RP,791500.0
Jhony Brito,SD,RP,791500.0
Nolan McLean,NYM,SP,791500.0
Justin Slaten,BOS,RP,791500.0
David Festa,MIN,SP,791200.0
A.J. Blubaugh,HOU,RP,790700.0
Carlos Vargas,SEA,RP,790100.0
Didier Fuentes,ATL,RP,790000.0
Edgardo Henriquez,LAD,RP,790000.0
Ryan Johnson,LAA,SP,790000.0
Will Klein,LAD,RP,790000.0
Landon Knack,LAD,SP,790000.0
Rhett Lowder,CIN,SP,790000.0
Jovani Morán,BOS,RP,790000.0
Victor Vodnik,MIA,RP,790000.0
Justin Wrobleski,LAD,SP,790000.0
Connelly Early,WSH,SP,789500.0
Kumar Rocker,TEX,SP,789000.0
Trey Yesavage,TOR,SP,788800.0
Drew Thorpe,CHW,SP,788600.0
Parker Messick,CLE,SP,788400.0
Jacob Misiorowski,MIL,SP,788300.0
Mason Englert,TB,RP,788100.0
D.L. Hall,MIL,RP,788000.0
David Morgan,SD,RP,788000.0
Cole Winn,TEX,RP,788000.0
Casey Legumina,TB,RP,787900.0
Grant Taylor,CHW,RP,787900.0
Hunter Dobbins,STL,RP,787600.0
Chris Roycroft,ATH,RP,787500.0
Bubba Chandler,PIT,SP,787200.0
Andrew Saalfrank,ARI,RP,786900.0
Jordan Wicks,CHC,SP,786750.0
Kai-Wei Teng,HOU,RP,786700.0
Kyle Harrison,MIL,SP,786100.0
Adam Mazur,MIA,SP,786000.0
Logan Evans,SEA,SP,785800.0
Yaramil Hiraldo,BAL,RP,785800.0
Eric Orze,MIN,RP,785800.0
Matt Svanson,STL,RP,785800.0
Troy Melton,DET,SP,785500.0
Gus Varland,WSH,RP,785450.0
Clayton Beeter,WSH,RP,785225.0
Prelander Berroa,CHW,RP,785200.0
Ky Bush,CHW,SP,785200.0
Brad Lord,WSH,SP,785200.0
Colin Selby,BAL,RP,785200.0
Juan Morillo,ARI,RP,785100.0
Kyle Backhus,PHI,RP,785000.0
Jonathan Bowlan,PHI,RP,785000.0
Chase Burns,CIN,SP,785000.0
Jeff Criswell,COL,RP,785000.0
J.T. Ginn,ATH,SP,785000.0
Hogan Harris,ATH,RP,785000.0
Max Lazar,PHI,RP,785000.0
Joel Peguero,SF,RP,785000.0
Gordon Graceffo,STL,RP,784550.0
Michael McGreevy,STL,SP,784550.0
Jackson Jobe,DET,SP,784300.0
Joe Boyle,TB,SP,784200.0
DJ Herz,WSH,SP,784200.0
Bailey Horn,DET,RP,784100.0
Ian Seymour,TB,SP,783800.0
Cole Henry,WSH,RP,783700.0
Blake Walston,ARI,SP,783700.0
Sawyer Gipson-Long,DET,SP,783600.0
Travis Adams,MIN,RP,783300.0
Yoendrys Gomez,MIN,RP,783000.0
Brandon Sproat,MIL,SP,783000.0
Hunter Barco,PIT,RP,782900.0
Bradgley Rodriguez,SD,RP,782800.0
Mick Abel,MIN,SP,782500.0
Zach Agnos,COL,RP,782000.0
McCade Brown,COL,SP,782000.0
Chase Dollander,COL,SP,782000.0
Jaden Hill,COL,RP,782000.0
Juan Mejia,COL,RP,782000.0
Cristian Mena,ARI,SP,782000.0
Pierson Ohl,COL,SP,782000.0
P.J. Poulin,WSH,RP,781900.0
Zak Kent,WSH,RP,781850.0
Andrew Hoffman,PHI,RP,781800.0
Andrew Walters,CLE,RP,781700.0
Paxton Schultz,WSH,RP,781600.0
Craig Yoho,CLE,RP,781600.0
Bryan Hudson,CHW,RP,781506.0
Andre Granillo,DET,RP,781500.0
Connor Phillips,CIN,RP,781500.0
Philip Abner,SF,RP,780000.0
Daison Acosta,SD,P,780000.0
Garrett Acton,MIN,RP,780000.0
Blake Adams,COL,RP,780000.0
Mason Adams,COL,SP,780000.0
Robby Ahlstrom,TEX,RP,780000.0
Samuel Aldegheri,LAA,SP,780000.0
Franco Aleman,CLE,RP,780000.0
Jason Alexander,HOU,SP,780000.0
Elvis Alvarado,ATH,RP,780000.0
Andrew Alvarez,WSH,SP,780000.0
Jack Anderson,MIN,RP,780000.0
Kade Anderson,SEA,P,780000.0
Tanner Andrews,TOR,RP,780000.0
Luinder Avila,KC,SP,780000.0
Charlie Barnes,LAD,RP,780000.0
Mason Barnett,ATH,SP,780000.0
Brady Basso,ATH,RP,780000.0
Carter Baumler,TEX,RP,780000.0
Brendan Beck,NYY,SP,780000.0
Valente Bellozo,COL,RP,780000.0
Jake Bennett,BOS,SP,780000.0
Brandan Bidois,MIA,RP,780000.0
Spencer Bivens,SF,RP,780000.0
Mason Black,KC,RP,780000.0
Bradley Blalock,MIA,SP,780000.0
Scott Blewett,ATH,RP,780000.0
Cody Bolton,HOU,SP,780000.0
Cam Booser,TB,RP,780000.0
Jack Brannigan,PIT,3B/P,780000.0
Mitch Bratt,ARI,SP,780000.0
Aaron Brooks,TB,RP,780000.0
Zach Brzykcy,MIA,RP,780000.0
Juan Burgos,ARI,RP,780000.0
Raymond Burgos,BOS,RP,780000.0
Blake Burkhalter,ATL,RP,780000.0
Jose Cabrera,ARI,SP,780000.0
Jonathan Cannon,CHW,SP,780000.0
Gerardo Carrillo,ARI,RP,780000.0
Blas Castano,COL,RP,780000.0
Eiberson Castellano,COL,RP,780000.0
Kervin Castro,NYY,RP,780000.0
Brendan Cellucci,TOR,RP,780000.0
Eric Cerantola,SF,RP,780000.0
Gavin Collyer,TEX,RP,780000.0
Bryce Conley,NYM,RP,780000.0
Alex Cook,TB,RP,780000.0
Riley Cornelio,WSH,RP,780000.0
Jose Corniell,TEX,RP,780000.0
Tom Cosgrove,WSH,RP,780000.0
Coleman Crow,MIL,RP,780000.0
Steven Cruz,KC,RP,780000.0
Yovanny Cruz,WSH,RP,780000.0
Xzavion Curry,NYM,RP,780000.0
Khristian Curtis,PIT,RP,780000.0
Luis Curvelo,TEX,RP,780000.0
Chad Dallas,TOR,SP,780000.0
Nick Davila,SEA,RP,780000.0
Tyler Davis,CHW,RP,780000.0
Duncan Davitt,ATL,SP,780000.0
Luis De Leon,BAL,RP,780000.0
Yerry De Los Santos,NYY,RP,780000.0
Chris Devenski,NYM,RP,780000.0
Jhonathan Diaz,SEA,RP,780000.0
Yilber Diaz,DET,RP,780000.0
Will Dion,WSH,RP,780000.0
Randy Dobnak,KC,SP,780000.0
Dylan Dodd,ATL,RP,780000.0
Wilber Dotel,PIT,RP,780000.0
Kohl Drake,ARI,RP,780000.0
Shane Drohan,MIL,SP,780000.0
Daniel Duarte,NYM,RP,780000.0
Carlos Duran,KC,RP,780000.0
Josh Ekness,MIA,RP,780000.0
Kent Emanuel,CIN,RP,780000.0
José Espada,BAL,RP,780000.0
Daniel Espino,CLE,RP,780000.0
Joey Estes,ATH,RP,780000.0
Lazaro Estrada,TOR,RP,780000.0
Mitch Farris,LAA,RP,780000.0
Tyler Ferguson,CHC,RP,780000.0
Jose Fermin,LAA,RP,780000.0
Brian Fitzpatrick,MIL,RP,780000.0
Cameron Foster,BAL,RP,780000.0
J.P. France,HOU,RP,780000.0
Jose Franco,CIN,RP,780000.0
Nick Frasso,COL,RP,780000.0
Michael Fulmer,NYY,RP,780000.0
Daxton Fulton,MIA,RP,780000.0
Alec Gamboa,BOS,RP,780000.0
Brandyn Garcia,ARI,RP,780000.0
Julian Garcia,CIN,RP,780000.0
Luis Gastelum,STL,RP,780000.0
Joey Gerber,NYM,RP,780000.0
Paul Gervase,LAD,RP,780000.0
Cade Gibson,MIA,RP,780000.0
Trey Gibson,BAL,SP,780000.0
Tony Gonsolin,KC,SP/SP3,780000.0
Domingo Gonzalez,SEA,RP,780000.0
Wikelman Gonzalez,MIA,RP,780000.0
Colton Gordon,MIL,RP,780000.0
Tanner Gordon,COL,RP,780000.0
Peyton Gray,TEX,RP,780000.0
Ryan Gusto,MIA,SP,780000.0
Seth Halvorsen,LAD,RP,780000.0
Dan Hammer,NYM,RP,780000.0
Brenan Hanifee,DET,RP,780000.0
Bradley Hanner,NYY,RP,780000.0
Thomas Harrington,PIT,SP,780000.0
Hayden Harris,ATL,RP,780000.0
Trent Harris,SF,RP,780000.0
Jon Heasley,TB,RP,780000.0
Logan Henderson,MIL,SP,780000.0
Kevin Herget,NYM,RP,780000.0
Carlos Hernandez,CLE,RP,780000.0
Welinton Herrera,COL,RP,780000.0
Nolan Hoffman,KC,RP,780000.0
Gunnar Hoglund,ATH,SP,780000.0
Gavin Hollowell,CHC,RP,780000.0
Grant Holman,PHI,RP,780000.0
Alex Hoppe,BAL,RP,780000.0
Gabriel Hughes,COL,SP,780000.0
Seth Johnson,ATH,RP,780000.0
Stephen Jones,MIA,RP,780000.0
Hayden Juenger,ATH,RP,780000.0
Gage Jump,ATH,SP,780000.0
Brian Keller,PHI,SP,780000.0
Antoine Kelly,CHC,RP,780000.0
Antwone Kelly,PIT,RP,780000.0
William Kempner,MIA,RP,780000.0
Jackson Kent,WSH,SP,780000.0
Ray Kerr,ATL,RP,780000.0
Brett Kerry,LAA,RP,780000.0
Craig Kimbrel,KC,RP,780000.0
Nolan Kingham,SEA,RP,780000.0
Tyler Kinley,DET,RP,780000.0
George Klassen,LAA,SP,780000.0
John Klein,TOR,RP,780000.0
Brooks Kriske,ATH,RP,780000.0
Joel Kuhnel,MIL,RP,780000.0
Nathan Lavender,NYM,RP,780000.0
Derek Law,ARI,RP,780000.0
Chase Lee,TOR,RP,780000.0
Brandon Leibrandt,CIN,RP,780000.0
Luke Little,KC,RP,780000.0
Seth Lonsway,SF,RP,780000.0
Jacob Lopez,ATH,SP,780000.0
Michael Lorenzen,TOR,SP,780000.0
Adam Macko,TEX,SP,780000.0
Ty Madden,DET,SP,780000.0
Mark Manfredi,COL,RP,780000.0
Yunior Marte,SF,RP,780000.0
Riley Martin,CHC,RP,780000.0
Trevor Martin,LAA,RP,780000.0
Quinn Mathews,STL,SP,780000.0
Brycen Mautz,STL,SP,780000.0
Zach Maxwell,CIN,RP,780000.0
Zach McCambley,CIN,RP,780000.0
Chayce McDermott,NYM,RP,780000.0
Trevor McDonald,SF,SP,780000.0
Tanner McDougal,CHW,RP,780000.0
Alexander McFarlane,PHI,RP,780000.0
Easton McGee,KC,RP,780000.0
Victor Mederos,ATL,RP,780000.0
Luis Mey,CIN,RP,780000.0
Spencer Miles,TOR,RP,780000.0
Wyatt Mills,WSH,RP,780000.0
Anthony Molina,SF,RP,780000.0
Pat Monteverde,MIA,RP,780000.0
Luis Morales,ATH,RP,780000.0
Andrew Morris,MIN,RP,780000.0
Kade Morris,ATH,RP,780000.0
Noah Murdock,PIT,RP,780000.0
Luke Murphy,LAA,RP,780000.0
Owen Murphy,ATL,RP,780000.0
Jayden Murray,CHC,RP,780000.0
Parker Mushinski,COL,RP,780000.0
Rolddy Muñoz,ATL,RP,780000.0
Samy Natera Jr.,LAA,RP,780000.0
Doug Nikhazy,CHC,RP,780000.0
Anthony Nunez,BAL,RP,780000.0
Eduarniel Nunez,CHC,RP,780000.0
Wyatt Olds,BOS,RP,780000.0
Robinson Ortiz,SEA,RP,780000.0
Jedixon Paez,BOS,RP,780000.0
Andrew Painter,PHI,SP,780000.0
Carson Palmquist,WSH,RP,780000.0
Thomas Pannone,MIL,RP,780000.0
Mike Paredes,MIN,RP,780000.0
Ethan Pecko,HOU,SP,780000.0
Ben Peoples,TEX,RP,780000.0
Luis Perales,WSH,RP,780000.0
Luis Peralta,CHC,RP,780000.0
Sammy Peralta,LAA,RP,780000.0
Cesar Perdomo,SF,SP,780000.0
Cionel Perez,NYM,RP,780000.0
Jack Perkins,ATH,SP,780000.0
RJ Petit,COL,RP,780000.0
Chase Petty,CIN,RP,780000.0
Jonathan Pintaro,NYM,RP,780000.0
Cade Povich,BAL,SP,780000.0
Connor Prielipp,MIN,SP,780000.0
Tanner Rainey,DET,RP,780000.0
Max Rajcic,STL,RP,780000.0
Jack Ralston,MIA,RP,780000.0
Wilkin Ramos,SF,RP,780000.0
Alan Rangel,PHI,RP,780000.0
Taylor Rashi,ATH,RP,780000.0
Marco Raya,MIN,RP,780000.0
Hancel Rincon,STL,RP,780000.0
JR Ritchie,ATL,RP,780000.0
Eduardo Rivera,BOS,RP,780000.0
Joe Rock,ATH,SP,780000.0
Carlos F. Rodriguez,MIL,RP,780000.0
Elmer Rodriguez,NYY,SP,780000.0
Kendry Rojas,MIN,RP,780000.0
Ryan Rolison,CHC,RP,780000.0
Drew Rom,ATH,RP,780000.0
Dylan Ross,NYM,RP,780000.0
Braxton Roxby,SF,RP,780000.0
Michael Rucker,SEA,RP,780000.0
Yacksel Ríos,CHC,RP,780000.0
Tyler Samaniego,BOS,RP,780000.0
Cam Sanders,BAL,RP,780000.0
David Sandlin,CHW,SP,780000.0
Jayvien Sandridge,BAL,RP,780000.0
Alimber Santa,HOU,RP,780000.0
Dennis Santana,ARI,RP,780000.0
Winston Santos,TEX,RP,780000.0
Noah Schultz,CHW,SP,780000.0
Tyler Schweitzer,CHW,RP,780000.0
Christian Scott,NYM,SP,780000.0
Andrew Sears,DET,RP,780000.0
Matt Seelinger,NYM,RP,780000.0
Carson Seymour,SF,RP,780000.0
TJ Shook,COL,RP,780000.0
Chase Shugart,PHI,RP,780000.0
Jared Simpson,WSH,RP,780000.0
Josh Simpson,SEA,RP,780000.0
Evan Sisk,PIT,RP,780000.0
Dylan Smith,SF,RP,780000.0
Hagen Smith,CHW,RP,780000.0
Robby Snelling,MIA,SP,780000.0
Chase Solesky,CIN,RP,780000.0
Drew Sommers,DET,RP,780000.0
Mitch Spence,KC,RP,780000.0
Garrett Stallings,MIL,RP,780000.0
Justin Sterner,ATH,RP,780000.0
Robert Stock,NYM,SP,780000.0
Hunter Stratton,SD,RP,780000.0
Kade Strowd,ARI,RP,780000.0
Peter Strzelecki,STL,RP,780000.0
Albert Suarez,BAL,RP,780000.0
Sean Sullivan,COL,SP,780000.0
Emiliano Teodo,TEX,RP,780000.0
Connor Thomas,KC,RP,780000.0
Zac Thornton,NYM,SP,780000.0
Blade Tidwell,SF,RP,780000.0
Ricky Tiedemann,TOR,RP,780000.0
Payton Tolle,BOS,SP,780000.0
Erik Tolman,WSH,RP,780000.0
Jonah Tong,NYM,SP,780000.0
Yunior Tur,ATH,RP,780000.0
Tyler Uberstine,ATL,RP,780000.0
Miguel Ullola,HOU,RP,780000.0
Walbert Urena,LAA,SP,780000.0
CJ Van Eyk,TOR,RP,780000.0
Logan VanWey,HOU,RP,780000.0
Josh Walker,BAL,RP,780000.0
Andrew Wantz,CHC,RP,780000.0
Ryan Watson,LAA,RP,780000.0
Beck Way,KC,RP,780000.0
Blake Weiman,LAA,RP,780000.0
Jack Weisenburger,NYM,RP,780000.0
Cameron Weston,BAL,RP,780000.0
Carson Whisenhunt,SF,SP,780000.0
Josh White,MIA,RP,780000.0
Rowan Wick,SF,RP,780000.0
Cole Wilcox,SEA,RP,780000.0
Matt Wilkinson,SF,RP,780000.0
Trevor Williams,TEX,RP,780000.0
Bryse Wilson,MIL,RP,780000.0
Cade Winquest,STL,RP,780000.0
Jefry Yan,NYM,RP,780000.0
Eddy Yean,WSH,RP,780000.0
Brandon Young,BAL,SP,780000.0
Ryan Zeferjahn,CHC,RP,780000.0
Tyler Zuber,MIA,RP,780000.0
Guillo Zuniga,NYM,RP,780000.0
